-- phpMyAdmin SQL Dump
-- version 5.2.0
-- https://www.phpmyadmin.net/
--
-- Host: 127.0.0.1
-- Generation Time: Jun 14, 2026 at 07:28 PM
-- Server version: 10.4.27-MariaDB
-- PHP Version: 8.1.12

SET SQL_MODE = "NO_AUTO_VALUE_ON_ZERO";
START TRANSACTION;
SET time_zone = "+00:00";


/*!40101 SET @OLD_CHARACTER_SET_CLIENT=@@CHARACTER_SET_CLIENT */;
/*!40101 SET @OLD_CHARACTER_SET_RESULTS=@@CHARACTER_SET_RESULTS */;
/*!40101 SET @OLD_COLLATION_CONNECTION=@@COLLATION_CONNECTION */;
/*!40101 SET NAMES utf8mb4 */;

--
-- Database: `star_db`
--

-- --------------------------------------------------------

--
-- Table structure for table `cart`
--

CREATE TABLE `cart` (
  `cart_id` int(11) NOT NULL,
  `user_id` int(11) NOT NULL,
  `p_id` int(11) NOT NULL,
  `quantity` int(11) DEFAULT 1,
  `created_at` timestamp NOT NULL DEFAULT current_timestamp()
) ENGINE=InnoDB DEFAULT CHARSET=utf8mb4 COLLATE=utf8mb4_general_ci;

-- --------------------------------------------------------

--
-- Table structure for table `category`
--

CREATE TABLE `category` (
  `id` int(11) NOT NULL,
  `category_name` varchar(100) NOT NULL,
  `category_icon` varchar(100) DEFAULT NULL,
  `created_at` timestamp NOT NULL DEFAULT current_timestamp()
) ENGINE=InnoDB DEFAULT CHARSET=utf8mb4 COLLATE=utf8mb4_general_ci;

--
-- Dumping data for table `category`
--

INSERT INTO `category` (`id`, `category_name`, `category_icon`, `created_at`) VALUES
(1, 'Fashion', 'bi bi-bag-heart-fill', '2026-06-07 12:50:42'),
(2, 'Education', 'bi bi-journal-bookmark-fill', '2026-06-07 12:50:42'),
(3, 'Daily Essentials', 'bi bi-house-fill', '2026-06-07 12:50:42'),
(4, 'Electronics', 'bi bi-phone-fill', '2026-06-07 12:50:42');

-- --------------------------------------------------------

--
-- Table structure for table `checkout`
--

CREATE TABLE `checkout` (
  `id` int(11) NOT NULL,
  `name` varchar(255) NOT NULL,
  `contact` varchar(50) NOT NULL,
  `price` int(11) NOT NULL,
  `razorpay_order_id` varchar(255) NOT NULL,
  `razorpay_payment_id` varchar(255) DEFAULT NULL,
  `razorpay_signature` varchar(255) DEFAULT NULL,
  `status` enum('created','paid','failed') DEFAULT 'created',
  `created_at` timestamp NOT NULL DEFAULT current_timestamp(),
  `address` text DEFAULT NULL,
  `amount` text DEFAULT NULL,
  `p_id` int(11) DEFAULT NULL
) ENGINE=InnoDB DEFAULT CHARSET=utf8mb4 COLLATE=utf8mb4_general_ci;

--
-- Dumping data for table `checkout`
--

INSERT INTO `checkout` (`id`, `name`, `contact`, `price`, `razorpay_order_id`, `razorpay_payment_id`, `razorpay_signature`, `status`, `created_at`, `address`, `amount`, `p_id`) VALUES
(1, 'Viram Shundavadra', '9265980045', 0, 'order_T0ykjgAt0ojlnO', NULL, NULL, 'created', '2026-06-13 04:11:00', 'navapra', '12999', 16),
(2, 'Sundavadra Pooja Virambhai', '7861955036', 0, 'order_T10SaNUIxCDOVI', NULL, NULL, 'created', '2026-06-13 05:51:13', 'Navapra', '50', 14),
(3, 'Sundavadra Pooja Virambhai', '7861955036', 0, 'order_T10aKCLI5vcSTG', NULL, NULL, 'created', '2026-06-13 05:58:32', 'Navapra', '1', 14),
(4, 'Sundavadra Pooja Virambhai', '7861955036', 0, 'order_T10ajD97azTXzA', NULL, NULL, 'created', '2026-06-13 05:58:55', 'Navapra', '50', 14),
(5, 'Sundavadra Pooja Virambhai', '7861955036', 0, 'order_T10b1vefvtZNiC', NULL, NULL, 'created', '2026-06-13 05:59:12', 'Navapra', '1', 14),
(6, 'Sundavadra', '9265980045', 0, 'order_T125zz8EZpes7W', NULL, NULL, 'created', '2026-06-13 07:27:13', 'navapra', '1', 16),
(7, 'Viram Shundavadra', '9265980045', 0, 'order_T13aUfaprlPGzD', NULL, NULL, 'created', '2026-06-13 08:54:47', 'chhaya', '1', 1),
(8, 'Sundavadra Pooja Virambhai', '9265980045', 0, 'order_T1XkdxxZ9b1pPg', NULL, NULL, 'created', '2026-06-14 14:25:12', 'chhaya', '1', 8);

-- --------------------------------------------------------

--
-- Table structure for table `contact_messages`
--

CREATE TABLE `contact_messages` (
  `contact_id` int(11) NOT NULL,
  `name` varchar(100) DEFAULT NULL,
  `email` varchar(100) DEFAULT NULL,
  `subject` varchar(255) DEFAULT NULL,
  `message` text DEFAULT NULL,
  `created_at` timestamp NOT NULL DEFAULT current_timestamp()
) ENGINE=InnoDB DEFAULT CHARSET=utf8mb4 COLLATE=utf8mb4_general_ci;

-- --------------------------------------------------------

--
-- Table structure for table `orders`
--

CREATE TABLE `orders` (
  `order_id` int(11) NOT NULL,
  `user_id` int(11) NOT NULL,
  `p_id` int(11) NOT NULL,
  `name` varchar(100) NOT NULL,
  `contact` varchar(20) NOT NULL,
  `address` text NOT NULL,
  `city` varchar(100) NOT NULL,
  `pincode` varchar(10) NOT NULL,
  `price` decimal(10,2) NOT NULL,
  `payment_method` varchar(50) NOT NULL,
  `status` varchar(50) DEFAULT 'Pending',
  `created_at` timestamp NOT NULL DEFAULT current_timestamp()
) ENGINE=InnoDB DEFAULT CHARSET=utf8mb4 COLLATE=utf8mb4_general_ci;

--
-- Dumping data for table `orders`
--

INSERT INTO `orders` (`order_id`, `user_id`, `p_id`, `name`, `contact`, `address`, `city`, `pincode`, `price`, `payment_method`, `status`, `created_at`) VALUES
(1, 1, 18, 'Sundavadra Pooja Virambhai', '9265980045', 'Navapra , Chhaya', '', '', '5499.00', '', 'Pending', '2026-06-11 14:29:18'),
(2, 1, 18, 'Sundavadra Pooja Virambhai', '9265980045', 'Navapra , Chhaya', 'Porbandar', '360576', '5499.00', 'Cash On Delivery', 'Success', '2026-06-11 14:36:41'),
(3, 1, 18, 'Sundavadra Pooja Virambhai', '9265980045', 'Navapra , Chhaya', 'Porbandar', '360576', '5499.00', 'Cash On Delivery', 'Success', '2026-06-11 14:37:24'),
(4, 1, 16, 'Sundavadra Pooja Virambhai', '9265980045', 'Navapra , Chhaya', 'Porbandar', '360576', '12999.00', 'Cash On Delivery', 'Success', '2026-06-11 16:54:45'),
(5, 1, 11, 'Sundavadra Pooja Virambhai', '9265980045', 'Navapra , Chhaya', 'Porbandar', '360576', '3299.00', 'Cash On Delivery', 'Success', '2026-06-11 17:06:05'),
(6, 1, 16, 'Sundavadra Pooja Virambhai', '9265980045', 'Navapra , Chhaya', 'Porbandar', '360576', '12999.00', 'Cash On Delivery', 'Success', '2026-06-11 17:24:45'),
(7, 1, 14, 'Sundavadra Pooja Virambhai', '9265980045', 'Navapra , Chhaya', 'Porbandar', '360576', '50.00', 'UPI', 'Success', '2026-06-12 01:59:57'),
(8, 1, 14, 'Sundavadra Pooja Virambhai', '9265980045', 'Navapra , Chhaya', 'Porbandar', '360576', '50.00', 'Cash On Delivery', 'Success', '2026-06-12 02:01:20'),
(9, 1, 14, 'Sundavadra Pooja Virambhai', '9265980045', 'Navapra , Chhaya', 'Porbandar', '360576', '50.00', 'Cash On Delivery', 'Success', '2026-06-12 02:01:32'),
(10, 1, 14, 'Sundavadra Pooja Virambhai', '9265980045', 'Navapra , Chhaya', 'Porbandar', '360576', '50.00', 'Cash On Delivery', 'Success', '2026-06-12 02:01:49'),
(11, 1, 16, 'Sundavadra Pooja Virambhai', '9265980045', 'Navapra , Chhaya', 'Porbandar', '360576', '12999.00', 'Cash On Delivery', 'Success', '2026-06-12 02:02:42'),
(12, 1, 16, 'Sundavadra Pooja Virambhai', '9265980045', 'Navapra , Chhaya', 'Porbandar', '360576', '12999.00', 'Cash On Delivery', 'Success', '2026-06-12 02:06:26'),
(13, 1, 16, 'Sundavadra Pooja Virambhai', '9265980045', 'Navapra , Chhaya', 'Porbandar', '360576', '12999.00', 'Cash On Delivery', 'Success', '2026-06-12 02:06:31'),
(14, 1, 16, 'Sundavadra Pooja Virambhai', '9265980045', 'Navapra , Chhaya', 'Porbandar', '360576', '12999.00', 'Cash On Delivery', 'Success', '2026-06-12 02:07:58'),
(15, 1, 13, 'Sundavadra Pooja Virambhai', '9265980045', 'Navapra , Chhaya', 'Porbandar', '360576', '150.00', 'Cash On Delivery', 'Success', '2026-06-12 06:09:40'),
(16, 1, 13, 'Sundavadra Pooja Virambhai', '9265980045', 'Navapra , Chhaya', 'Porbandar', '360576', '150.00', 'Cash On Delivery', 'Success', '2026-06-12 06:09:40');

-- --------------------------------------------------------

--
-- Table structure for table `order_items`
--

CREATE TABLE `order_items` (
  `id` int(11) NOT NULL,
  `order_id` int(11) DEFAULT NULL,
  `p_id` int(11) DEFAULT NULL,
  `qty` int(11) DEFAULT NULL,
  `price` decimal(10,2) DEFAULT NULL
) ENGINE=InnoDB DEFAULT CHARSET=utf8mb4 COLLATE=utf8mb4_general_ci;

-- --------------------------------------------------------

--
-- Table structure for table `products`
--

CREATE TABLE `products` (
  `p_id` int(11) NOT NULL,
  `category_id` int(11) DEFAULT NULL,
  `name` varchar(255) NOT NULL,
  `price` decimal(10,2) NOT NULL,
  `description` text DEFAULT NULL,
  `image` varchar(255) DEFAULT NULL,
  `stock` int(11) DEFAULT 0,
  `created_at` timestamp NOT NULL DEFAULT current_timestamp()
) ENGINE=InnoDB DEFAULT CHARSET=utf8mb4 COLLATE=utf8mb4_general_ci;

--
-- Dumping data for table `products`
--

INSERT INTO `products` (`p_id`, `category_id`, `name`, `price`, `description`, `image`, `stock`, `created_at`) VALUES
(1, 1, 'Princess Bracelet', '999.00', 'Beautiful Bracelet ', 'images/bracelet.jpg', 629, '2026-06-07 12:53:49'),
(2, 1, 'Hair Pin', '589.00', 'Enhance your hairstyle with this elegant and durable hair pin', 'images/hairpin.jpg', 50, '2026-06-07 12:53:49'),
(3, 1, 'Luxury Jacket', '3499.00', 'Premium luxury jacket for stylish look', 'images/g.jpg', 16, '2026-06-07 12:53:49'),
(4, 1, 'Sunglasses', '1999.00', 'Stylish protection for sunny days ', 'images/sung.jpg', 20, '2026-06-07 12:53:49'),
(5, 1, 'Teddy Bear', '800.00', 'Soft and cute', 'images/teddy.jpg', 4, '2026-06-07 12:53:49'),
(6, 1, 'Premium Handbag', '4999.00', 'Style and functionality in one', 'https://images.unsplash.com/photo-1548036328-c9fa89d128fa', 3, '2026-06-07 12:53:49'),
(7, 2, 'Compass Box', '350.00', 'complete geometry box for students', 'images/compass.jpg', 90, '2026-06-07 12:53:49'),
(8, 2, 'English Convorsation', '1999.00', 'Perfect book for english learner', 'images/book.jpg', 45, '2026-06-07 12:53:49'),
(9, 2, 'Water Bottle', '199.00', 'Good quality reusable water bottle', 'images/bottle.jpg', 207, '2026-06-07 12:53:49'),
(10, 3, 'Potato', '25.00', 'Farm fresh quality you can trust', 'images/potatos.jpg', 90, '2026-06-07 12:53:49'),
(11, 3, 'Travel Bag', '3299.00', 'Perfect companion for every journey', 'https://images.unsplash.com/photo-1553062407-98eeb64c6a62', 60, '2026-06-07 12:53:49'),
(12, 3, 'Glucose', '199.00', 'Instant energy for active day', 'images/glu.jpg', 56, '2026-06-07 12:53:49'),
(13, 3, 'Soap', '150.00', 'Soft , smmoth and refreshed skin', 'images/soap.jpg', 56, '2026-06-07 12:53:49'),
(14, 3, 'Sugar', '50.00', 'Pure sweetnes for every receipe', 'images/sugar.jpg', 207, '2026-06-07 12:53:49'),
(15, 4, 'Wireless Headphones', '5499.00', 'Crystal clear audio all day', 'https://images.unsplash.com/photo-1505740420928-5e560c06d30e', 7, '2026-06-07 12:53:49'),
(16, 4, 'Luxury Smartwatch', '12999.00', 'Smart features with timesless style', 'https://images.unsplash.com/photo-1546868871-7041f2a55e12', 34, '2026-06-07 12:53:49'),
(17, 4, 'Smart Phone', '49999.00', 'Powerful performance in your hands', 'https://images.unsplash.com/photo-1511707171634-5f897ff02aa9', 119, '2026-06-07 12:53:49'),
(18, 4, 'Coldest', '5499.00', 'Stay cool with powerful airflow', 'images/fan.png', 119, '2026-06-07 12:53:49');

-- --------------------------------------------------------

--
-- Table structure for table `reviews`
--

CREATE TABLE `reviews` (
  `r_id` int(11) NOT NULL,
  `name` varchar(100) NOT NULL,
  `email` varchar(100) NOT NULL,
  `review` text NOT NULL,
  `created_at` timestamp NOT NULL DEFAULT current_timestamp()
) ENGINE=InnoDB DEFAULT CHARSET=utf8mb4 COLLATE=utf8mb4_general_ci;

-- --------------------------------------------------------

--
-- Table structure for table `site_stats`
--

CREATE TABLE `site_stats` (
  `id` int(11) NOT NULL,
  `happy_customers` varchar(20) DEFAULT NULL,
  `positive_reviews` varchar(20) DEFAULT NULL,
  `secure_payments` varchar(20) DEFAULT NULL
) ENGINE=InnoDB DEFAULT CHARSET=utf8mb4 COLLATE=utf8mb4_general_ci;

-- --------------------------------------------------------

--
-- Table structure for table `users`
--

CREATE TABLE `users` (
  `user_id` int(11) NOT NULL,
  `name` varchar(100) NOT NULL,
  `email` varchar(150) NOT NULL,
  `password` varchar(255) NOT NULL,
  `created_at` timestamp NOT NULL DEFAULT current_timestamp(),
  `status` enum('active','inactive') DEFAULT 'active',
  `api_token` varchar(255) DEFAULT NULL
) ENGINE=InnoDB DEFAULT CHARSET=utf8mb4 COLLATE=utf8mb4_general_ci;

--
-- Dumping data for table `users`
--

INSERT INTO `users` (`user_id`, `name`, `email`, `password`, `created_at`, `status`, `api_token`) VALUES
(1, 'Sundavadra Pooja Virambhai', 'viramshundavadra@gmail.com', '$2y$10$u6L11ZHT/DB5SM3i7Rjohuno1gFLaV1hkInYCZKbkNU41fft9ncMS', '2026-06-12 12:15:08', 'active', '4032fb3639862f514d956d4405fac858833b5d0dbe4bf3121710dab2b0abc542');

-- --------------------------------------------------------

--
-- Table structure for table `user_details`
--

CREATE TABLE `user_details` (
  `id` int(11) NOT NULL,
  `name` varchar(255) DEFAULT NULL,
  `user_id` int(11) DEFAULT NULL,
  `contact` varchar(15) DEFAULT NULL,
  `address` text DEFAULT NULL,
  `pincode` varchar(10) DEFAULT NULL,
  `created_at` timestamp NOT NULL DEFAULT current_timestamp(),
  `updated_at` timestamp NOT NULL DEFAULT current_timestamp() ON UPDATE current_timestamp()
) ENGINE=InnoDB DEFAULT CHARSET=utf8mb4 COLLATE=utf8mb4_general_ci;

--
-- Dumping data for table `user_details`
--

INSERT INTO `user_details` (`id`, `name`, `user_id`, `contact`, `address`, `pincode`, `created_at`, `updated_at`) VALUES
(1, 'Sundavadra Pooja Virambhai', 1, '9265980045', 'Chhaya,pbr', '360576', '2026-06-12 19:01:18', '2026-06-13 03:46:29');

--
-- Indexes for dumped tables
--

--
-- Indexes for table `cart`
--
ALTER TABLE `cart`
  ADD PRIMARY KEY (`cart_id`);

--
-- Indexes for table `category`
--
ALTER TABLE `category`
  ADD PRIMARY KEY (`id`);

--
-- Indexes for table `checkout`
--
ALTER TABLE `checkout`
  ADD PRIMARY KEY (`id`);

--
-- Indexes for table `contact_messages`
--
ALTER TABLE `contact_messages`
  ADD PRIMARY KEY (`contact_id`);

--
-- Indexes for table `orders`
--
ALTER TABLE `orders`
  ADD PRIMARY KEY (`order_id`);

--
-- Indexes for table `order_items`
--
ALTER TABLE `order_items`
  ADD PRIMARY KEY (`id`);

--
-- Indexes for table `products`
--
ALTER TABLE `products`
  ADD PRIMARY KEY (`p_id`);

--
-- Indexes for table `reviews`
--
ALTER TABLE `reviews`
  ADD PRIMARY KEY (`r_id`);

--
-- Indexes for table `site_stats`
--
ALTER TABLE `site_stats`
  ADD PRIMARY KEY (`id`);

--
-- Indexes for table `users`
--
ALTER TABLE `users`
  ADD PRIMARY KEY (`user_id`),
  ADD UNIQUE KEY `email` (`email`);

--
-- Indexes for table `user_details`
--
ALTER TABLE `user_details`
  ADD PRIMARY KEY (`id`),
  ADD UNIQUE KEY `user_id` (`user_id`);

--
-- AUTO_INCREMENT for dumped tables
--

--
-- AUTO_INCREMENT for table `cart`
--
ALTER TABLE `cart`
  MODIFY `cart_id` int(11) NOT NULL AUTO_INCREMENT;

--
-- AUTO_INCREMENT for table `category`
--
ALTER TABLE `category`
  MODIFY `id` int(11) NOT NULL AUTO_INCREMENT, AUTO_INCREMENT=5;

--
-- AUTO_INCREMENT for table `checkout`
--
ALTER TABLE `checkout`
  MODIFY `id` int(11) NOT NULL AUTO_INCREMENT, AUTO_INCREMENT=9;

--
-- AUTO_INCREMENT for table `contact_messages`
--
ALTER TABLE `contact_messages`
  MODIFY `contact_id` int(11) NOT NULL AUTO_INCREMENT;

--
-- AUTO_INCREMENT for table `orders`
--
ALTER TABLE `orders`
  MODIFY `order_id` int(11) NOT NULL AUTO_INCREMENT, AUTO_INCREMENT=17;

--
-- AUTO_INCREMENT for table `order_items`
--
ALTER TABLE `order_items`
  MODIFY `id` int(11) NOT NULL AUTO_INCREMENT;

--
-- AUTO_INCREMENT for table `products`
--
ALTER TABLE `products`
  MODIFY `p_id` int(11) NOT NULL AUTO_INCREMENT, AUTO_INCREMENT=19;

--
-- AUTO_INCREMENT for table `reviews`
--
ALTER TABLE `reviews`
  MODIFY `r_id` int(11) NOT NULL AUTO_INCREMENT;

--
-- AUTO_INCREMENT for table `site_stats`
--
ALTER TABLE `site_stats`
  MODIFY `id` int(11) NOT NULL AUTO_INCREMENT;

--
-- AUTO_INCREMENT for table `users`
--
ALTER TABLE `users`
  MODIFY `user_id` int(11) NOT NULL AUTO_INCREMENT, AUTO_INCREMENT=2;

--
-- AUTO_INCREMENT for table `user_details`
--
ALTER TABLE `user_details`
  MODIFY `id` int(11) NOT NULL AUTO_INCREMENT, AUTO_INCREMENT=2;
COMMIT;

/*!40101 SET CHARACTER_SET_CLIENT=@OLD_CHARACTER_SET_CLIENT */;
/*!40101 SET CHARACTER_SET_RESULTS=@OLD_CHARACTER_SET_RESULTS */;
/*!40101 SET COLLATION_CONNECTION=@OLD_COLLATION_CONNECTION */;
